{
  "sampleCount": 68040,
  "featureDimension": 32,
  "originalVariance": 0.17568110536213255,
  "mean": [
    0.06389726018518556,
    0.08642679387125449,
    0.06682389542915983,
    0.06239387338330437,
    0.10582358240740751,
    0.08709595809817712,
    0.04464439084362166,
    0.028169201866548865,
    0.040842085802470375,
    0.03231598686066908,
    0.012677108024691528,
    0.016994381804820533,
    0.04857627429453447,
    0.02177161197824725,
    0.0073517023074671254,
    0.005935259347443326,
    0.053699447119343754,
    0.06444718181952017,
    0.03811682937977592,
    0.028462617666078577,
    0.019160056981187543,
    0.008503419694297645,
    0.004366784376837027,
    0.006586155540858933,
    0.0066504555702530015,
    0.002324350338036259,
    0.0011818730452673987,
    0.0009715113021751374,
    0.011188855878894807,
    0.0075169149176956985,
    0.006566089035861344,
    0.008621929409170939
  ],
  "eigenValues": [
    0.031014496790051062,
    0.027648020955138828,
    0.019379807824464673,
    0.01570154526694437,
    0.011843117129933212,
    0.010198577849520248,
    0.009426342566568074,
    0.007534413420439924,
    0.006263189555570473,
    0.005568691061733333,
    0.005350932157047074,
    0.004558871499886229,
    0.0037588363094072422,
    0.00292513402372341,
    0.0023015330021121045,
    0.002169646323993847,
    0.0018848520810098787,
    0.001379853636930153,
    0.0012769042855775962,
    0.0011801312602407923,
    0.0008221334811593874,
    0.0007519808248536565,
    0.0006716659868825635,
    0.00038984723271032114,
    0.0003783551366173735,
    0.0003626983193403117,
    0.00029690578423601145,
    0.00021892753679340283,
    0.00021147019962033676,
    0.00013459790701870792,
    7.76259461075051e-05,
    6.500435159367267e-12
  ]
}