{
  "sampleCount": 68040,
  "featureDimension": 32,
  "codewordCount": 132,
  "distortion": 0.0010381456176506475,
  "min": [
    0.0,
    0.0,
    0.0,
    0.0,
    0.0,
    0.0,
    0.0,
    0.0,
    0.0,
    0.0,
    0.0,
    0.0,
    0.0,
    0.0,
    0.0,
    0.0,
    0.0,
    0.0,
    0.0,
    0.0,
    0.0,
    0.0,
    0.0,
    0.0,
    0.0,
    0.0,
    0.0,
    0.0,
    0.0,
    0.0,
    0.0,
    0.0
  ],
  "max": [
    0.961688,
    0.984752,
    0.924375,
    0.995938,
    1.000104,
    0.919587,
    0.895882,
    0.938856,
    0.905319,
    0.870524,
    0.772502,
    0.956147,
    0.941949,
    0.92969,
    0.698658,
    0.92978,
    0.979688,
    0.95605,
    0.965208,
    0.998438,
    0.957836,
    0.782815,
    0.907708,
    0.864583,
    0.829167,
    0.923958,
    0.715625,
    0.819063,
    0.793854,
    0.905005,
    0.901771,
    0.980729
  ]
}